ime,država,gorovje,višina,vrsta,priljubljenost v %,koordinate
Triglav,Slovenija,Julijske Alpe,2864,"vrh, bivak",100,"46,37832°N 13,83648°E"
Montaž / Jôf di Montasio,Italija,Julijske Alpe,2753,vrh,98,"46,43577°N 13,43405°E"
Škrlatica,Slovenija,Julijske Alpe,2740,vrh,99,"46,43277°N 13,82114°E"
Mali Triglav,Slovenija,Julijske Alpe,2725,vrh,92,"46,37683°N 13,84315°E"
Mangart,Italija,Julijske Alpe,2679,vrh,99,"46,43948°N 13,65457°E"
Viš/Jof Fuart,Italija,Julijske Alpe,2666,vrh,96,"46,42996°N 13,49155°E"
Vrh Brda / Cima Verde,Italija,Julijske Alpe,2661,vrh,85,"46,43329°N 13,44233°E"
Visoki Rokav,Slovenija,Julijske Alpe,2646,vrh,91,"46,43547°N 13,8283°E"
Jalovec,Slovenija,Julijske Alpe,2645,vrh,99,"46,42154°N 13,68002°E"
Veliki Oltar,Slovenija,Julijske Alpe,2621,vrh,94,"46,43919°N 13,82995°E"
Velika Martuljška Ponca,Slovenija,Julijske Alpe,2602,vrh,91,"46,44179°N 13,82419°E"
Razor,Slovenija,Julijske Alpe,2601,vrh,98,"46,41194°N 13,79138°E"
Dolkova špica,Slovenija,Julijske Alpe,2591,vrh,95,"46,42574°N 13,81467°E"
Visoki Kanin,Italija,Julijske Alpe,2587,vrh,96,"46,36018°N 13,439°E"
Mali Kanin,Italija,Julijske Alpe,2571,vrh,85,"46,35727°N 13,43765°E"
Kanjavec (Zahodni vrh),Slovenija,Julijske Alpe,2569,vrh,78,"46,3601°N 13,8073°E"
Kanjavec,Slovenija,Julijske Alpe,2569,vrh,97,"46,3602°N 13,80966°E"
Glava v Zaplanji,Slovenija,Julijske Alpe,2556,vrh,85,"46,37731°N 13,82801°E"
Rogljica,Slovenija,Julijske Alpe,2547,vrh,79,"46,42769°N 13,81231°E"
Prisank / Prisojnik,Slovenija,Julijske Alpe,2547,vrh,99,"46,42464°N 13,76974°E"
Rakova Špica,Slovenija,Julijske Alpe,2545,vrh,34,"46,43008°N 13,81379°E"
Dovški križ,Slovenija,Julijske Alpe,2542,vrh,93,"46,44081°N 13,8422°E"
Kredarica,Slovenija,Julijske Alpe,2541,vrh,36,"46,3801°N 13,8524°E"
Rž,Slovenija,Julijske Alpe,2538,vrh,90,"46,38155°N 13,8591°E"
Rjavina,Slovenija,Julijske Alpe,2532,vrh,97,"46,39185°N 13,88088°E"
Špik nad Nosom / Foronon del Buinz,Italija,Julijske Alpe,2531,"vrh, bivak",89,"46,41788°N 13,46558°E"
Morbegna,Slovenija,Julijske Alpe,2520,,90,"46,37661°N 13,82681°E"
Triglavski dom na Kredarici,Slovenija,Julijske Alpe,2515,"vrh, koča, cerkev",98,"46,37891°N 13,84928°E"
Koštrunove špice,Italija,Julijske Alpe,2502,vrh,86,"46,42243°N 13,48655°E"
Mala Martuljška Ponca,Slovenija,Julijske Alpe,2501,vrh,82,"46,44339°N 13,82059°E"
Stenar,Slovenija,Julijske Alpe,2501,vrh,97,"46,40795°N 13,81896°E"
Spodnji Rokav,Slovenija,Julijske Alpe,2500,vrh,73,"46,43063°N 13,82878°E"
Prestreljenik,Italija,Julijske Alpe,2499,vrh,92,"46,36214°N 13,47237°E"
Široka peč,Slovenija,Julijske Alpe,2497,vrh,85,"46,44378°N 13,84228°E"
Poprovec,Slovenija,Julijske Alpe,2496,vrh,76,"46,35583°N 13,80273°E"
Teme (Hribarice),Slovenija,Julijske Alpe,2495,vrh,75,"46,3575°N 13,8044°E"
Veliki Ozebnik,Slovenija,Julijske Alpe,2480,vrh,85,"46,41572°N 13,67936°E"
Špik,Slovenija,Julijske Alpe,2472,vrh,99,"46,44872°N 13,81432°E"
Mišeljski Konec,Slovenija,Julijske Alpe,2464,vrh,84,"46,35458°N 13,81831°E"
Begunjski vrh,Slovenija,Julijske Alpe,2461,vrh,92,"46,39032°N 13,85436°E"
Planja,Slovenija,Julijske Alpe,2453,vrh,90,"46,40712°N 13,78739°E"
Vrh Laške Planje,Italija,Julijske Alpe,2448,vrh,12,"46,3441°N 13,44424°E"
Vršaki (Vzhodni vrh),Slovenija,Julijske Alpe,2448,vrh,71,"46,3507°N 13,808°E"
Vrh Krnice,Italija,Julijske Alpe,2441,vrh,74,"46,3652°N 13,43339°E"
Vršaki (Južni vrh),Slovenija,Julijske Alpe,2431,vrh,61,"46,3475°N 13,8024°E"
Bivak Suringar,Italija,Julijske Alpe,2430,bivak,71,"46,43675°N 13,42831°E"
Kukova špica,Slovenija,Julijske Alpe,2427,vrh,94,"46,44726°N 13,85481°E"
Vršaki (Srednji vrh),Slovenija,Julijske Alpe,2424,vrh,69,"46,3496°N 13,8053°E"
Vršaki (Vrh za Koritami),Slovenija,Julijske Alpe,2422,vrh,57,"46,3488°N 13,8029°E"
Špik Hude police / Cima di Terrarossa,Italija,Julijske Alpe,2420,vrh,96,"46,4266°N 13,45217°E"
Pihavec,Slovenija,Julijske Alpe,2419,vrh,91,"46,39254°N 13,80664°E"
Špik nad Planjo / Punta Plagnis,Italija,Julijske Alpe,2411,vrh,68,"46,41479°N 13,48343°E"
Križ,Slovenija,Julijske Alpe,2410,vrh,95,"46,41006°N 13,81101°E"
Visoka Vrbanova špica,Slovenija,Julijske Alpe,2408,vrh,94,"46,39132°N 13,86163°E"
Lopa,Italija,Julijske Alpe,2406,vrh,34,"46,3703°N 13,49434°E"
Gubno,Slovenija,Julijske Alpe,2403,vrh,76,"46,41718°N 13,80836°E"
Dom Planika pod Triglavom,Slovenija,Julijske Alpe,2401,koča,96,"46,37154°N 13,84605°E"
Veliko Špičje,Slovenija,Julijske Alpe,2398,vrh,93,"46,34382°N 13,7672°E"
Cmir,Slovenija,Julijske Alpe,2393,vrh,93,"46,40065°N 13,86007°E"
Bovški Gamsovec,Slovenija,Julijske Alpe,2392,vrh,98,"46,3983°N 13,81286°E"
Prestreljeniško okno,Italija,Julijske Alpe,2391,,36,"46,36112°N 13,46989°E"
Debeli vrh,Slovenija,Julijske Alpe,2390,vrh,91,"46,3408°N 13,81513°E"
Vrh Hribaric,Slovenija,Julijske Alpe,2388,vrh,75,"46,34948°N 13,8178°E"
Šplevta (Indijanec),Slovenija,Julijske Alpe,2382,vrh,78,"46,4137°N 13,79895°E"
Strma peč / Monte Cimone,Italija,Julijske Alpe,2380,vrh,82,"46,42387°N 13,38607°E"
Travnik (pri Mojstrovkah),Slovenija,Julijske Alpe,2379,vrh,86,"46,42902°N 13,71316°E"
Kucelj (Julijske Alpe),Slovenija,Julijske Alpe,2372,vrh,27,"46,4273°N 13,81923°E"
Vrh Osojnic,Slovenija,Julijske Alpe,2371,vrh,30,"46,3584°N 13,4651°E"
Kriški rob,Slovenija,Julijske Alpe,2366,vrh,78,"46,40943°N 13,80196°E"
Velika Mojstrovka,Slovenija,Julijske Alpe,2366,vrh,95,"46,43601°N 13,7272°E"
Šmarjetna glava,Slovenija,Julijske Alpe,2358,vrh,78,"46,36433°N 13,82715°E"
Spodnji Stenar,Slovenija,Julijske Alpe,2356,vrh,70,"46,40552°N 13,81764°E"
Zadnja Mojstrovka,Slovenija,Julijske Alpe,2354,vrh,84,"46,43084°N 13,72004°E"
Vrh Krnega dola / Monte Cregnedul,Italija,Julijske Alpe,2351,vrh,64,"46,41377°N 13,48543°E"
Kol,Slovenija,Julijske Alpe,2350,vrh,71,"46,42756°N 13,70943°E"
Mišelj vrh,Slovenija,Julijske Alpe,2350,vrh,91,"46,3565°N 13,83745°E"
Plaski Vogel,Slovenija,Julijske Alpe,2348,vrh,79,"46,33771°N 13,75064°E"
Bavški Grintavec,Slovenija,Julijske Alpe,2347,vrh,97,"46,36899°N 13,67025°E"
Briceljk,Slovenija,Julijske Alpe,2346,vrh,84,"46,39508°N 13,63191°E"
Vevnica,Italija,Julijske Alpe,2342,vrh,87,"46,43963°N 13,68566°E"
Vrh Snežne konte,Slovenija,Julijske Alpe,2342,vrh,76,"46,37691°N 13,85545°E"
Velika Črnelska špica,Italija,Julijske Alpe,2332,vrh,79,"46,37654°N 13,51567°E"
Mala Mojstrovka,Slovenija,Julijske Alpe,2332,vrh,99,"46,43725°N 13,73111°E"
Dom Valentina Staniča pod Triglavom,Slovenija,Julijske Alpe,2332,"koča, bivak",95,"46,38703°N 13,85984°E"
Zadnji Vogel,Slovenija,Julijske Alpe,2327,vrh,86,"46,3402°N 13,7978°E"
Mali Ozebnik,Slovenija,Julijske Alpe,2324,vrh,66,"46,4072°N 13,6686°E"
Žrd / Sart,Italija,Julijske Alpe,2324,vrh,78,"46,38215°N 13,39984°E"
Velika Zelnarica,Slovenija,Julijske Alpe,2320,vrh,90,"46,34246°N 13,79081°E"
Veliki Nabojs / Monte Nabois grande,Italija,Julijske Alpe,2313,vrh,79,"46,43913°N 13,48831°E"
Malo Špičje,Slovenija,Julijske Alpe,2312,vrh,83,"46,35139°N 13,78335°E"
Mala Zelnarica,Slovenija,Julijske Alpe,2310,vrh,86,"46,33808°N 13,78967°E"
Škednjovec,Slovenija,Julijske Alpe,2309,vrh,79,"46,34948°N 13,82337°E"
Spodnja Vrbanova špica,Slovenija,Julijske Alpe,2299,vrh,80,"46,39655°N 13,86906°E"
Konjc,Slovenija,Julijske Alpe,2289,vrh,71,"46,35223°N 13,46995°E"
Frdamane police,Slovenija,Julijske Alpe,2284,vrh,78,Brez podatka
Tosc,Slovenija,Julijske Alpe,2275,vrh,97,"46,35672°N 13,8684°E"
Visoka Ponca,Italija,Julijske Alpe,2274,vrh,93,"46,46014°N 13,6974°E"
Šplevta,Slovenija,Julijske Alpe,2272,,83,"46,43571°N 13,84014°E"
Strug,Italija,Julijske Alpe,2265,vrh,78,"46,4441°N 13,6939°E"
Dom Petra Skalarja na Kaninu,Slovenija,Julijske Alpe,2260,koča,85,"46,35371°N 13,46864°E"
Visoka Bela Špica / Cima Alta di Riobianco,Italija,Julijske Alpe,2257,"vrh, bivak",33,"46,423°N 13,5187°E"
Travnik,Slovenija,Julijske Alpe,2252,vrh,80,"46,33751°N 13,74382°E"
Krn,Slovenija,Julijske Alpe,2244,vrh,100,"46,26607°N 13,65862°E"
Veliki Draški vrh,Slovenija,Julijske Alpe,2243,vrh,96,"46,36017°N 13,87584°E"
Zadnja Ponca,Italija,Julijske Alpe,2242,vrh,72,"46,45048°N 13,69495°E"
Vrh Grubje,Italija,Julijske Alpe,2240,vrh,60,"46,37203°N 13,41694°E"
Srednja Ponca,Italija,Julijske Alpe,2228,vrh,82,"46,45676°N 13,69881°E"
Čelo,Slovenija,Julijske Alpe,2228,vrh,85,"46,32912°N 13,74117°E"
Srednji Vogel,Slovenija,Julijske Alpe,2226,vrh,72,"46,33414°N 13,79845°E"
Vernar,Slovenija,Julijske Alpe,2225,vrh,88,"46,36116°N 13,86152°E"
Rombon,Slovenija,Julijske Alpe,2208,vrh,98,"46,3672°N 13,5544°E"
Vodnikov Vršac (Vršac nad Zadnjico),Slovenija,Julijske Alpe,2194,vrh,75,"46,36306°N 13,79715°E"
Kopica,Slovenija,Julijske Alpe,2190,vrh,84,"46,33257°N 13,78765°E"
Plešivec (Loška stena),Slovenija,Julijske Alpe,2184,vrh,79,"46,4102°N 13,66046°E"
Gomiščkovo zavetišče na Krnu,Slovenija,Julijske Alpe,2182,"koča, bivak",88,"46,26526°N 13,65719°E"
Prvi Vogel,Slovenija,Julijske Alpe,2181,vrh,77,"46,33004°N 13,79969°E"
Bivak v Veliki Dnini,Slovenija,Julijske Alpe,2180,bivak,9,"46,43836°N 13,81932°E"
Vrh nad Peski,Slovenija,Julijske Alpe,2176,vrh,88,"46,2643°N 13,67794°E"
Batognica,Slovenija,Julijske Alpe,2164,vrh,94,"46,26349°N 13,66837°E"
Zgornje Kriško jezero,Slovenija,Julijske Alpe,2158,jezero,90,"46,40847°N 13,80578°E"
Koča na Doliču,Slovenija,Julijske Alpe,2151,"koča, sedlo",96,"46,36487°N 13,81953°E"
Bivak Tarvisio,Italija,Julijske Alpe,2150,"bivak, sedlo",25,Brez podatka
Velika Baba (Kanin),Slovenija,Julijske Alpe,2148,vrh,35,"46,3329°N 13,4494°E"
Bela peč/Monte Bila pec,Italija,Julijske Alpe,2146,vrh,80,"46,37497°N 13,45582°E"
Krnčica,Slovenija,Julijske Alpe,2142,vrh,86,"46,28178°N 13,65087°E"
Teme,Slovenija,Julijske Alpe,2136,vrh,66,"46,38747°N 13,88754°E"
Kotovo sedlo,Slovenija,Julijske Alpe,2134,sedlo,88,"46,4304°N 13,68128°E"
Mali Draški vrh,Slovenija,Julijske Alpe,2132,vrh,93,"46,36324°N 13,89252°E"
Jerebica,Italija,Julijske Alpe,2126,vrh,98,"46,39843°N 13,56475°E"
Veliki Babanski Skedenj,Slovenija,Julijske Alpe,2121,vrh,35,"46,3336°N 13,4612°E"
Šmihelovec,Slovenija,Julijske Alpe,2118,vrh,18,"46,37561°N 13,66734°E"
Bivak na Jezerih,Slovenija,Julijske Alpe,2118,bivak,82,"46,43367°N 13,83861°E"
Trentski Pelc,Slovenija,Julijske Alpe,2116,vrh,21,"46,38609°N 13,70958°E"
Vršac (nad Zadnjo Trento),Slovenija,Julijske Alpe,2113,vrh,10,"46,40038°N 13,68168°E"
Suhi vrh,Slovenija,Julijske Alpe,2109,vrh,78,"46,42901°N 13,7281°E"
Goličica,Slovenija,Julijske Alpe,2101,vrh,35,"46,39976°N 13,77074°E"
Cesar,Slovenija,Julijske Alpe,2098,vrh,81,"46,36653°N 13,85913°E"
Velika Tičarica,Slovenija,Julijske Alpe,2091,vrh,91,"46,32285°N 13,78576°E"
Zagorelec,Slovenija,Julijske Alpe,2090,vrh,22,"46,3791°N 13,67051°E"
Poldašnja špica/Jof di Miezegnot,Italija,Julijske Alpe,2087,vrh,83,"46,47667°N 13,45366°E"
Ogradi,Slovenija,Julijske Alpe,2087,vrh,92,"46,33469°N 13,83342°E"
Šitna glava,Slovenija,Julijske Alpe,2087,vrh,90,"46,43914°N 13,73879°E"
Tolminski Kuk,Slovenija,Julijske Alpe,2085,vrh,93,"46,2605°N 13,7568°E"
Zadnjiški Ozebnik,Slovenija,Julijske Alpe,2084,vrh,87,"46,36917°N 13,78205°E"
Sleme,Slovenija,Julijske Alpe,2077,vrh,95,"46,45172°N 13,87177°E"
Slatna,Slovenija,Julijske Alpe,2077,vrh,82,"46,32859°N 13,80486°E"
Prevalski Stog,Slovenija,Julijske Alpe,2075,vrh,84,"46,34432°N 13,8373°E"
Rigljica,Slovenija,Julijske Alpe,2074,vrh,72,"46,4581°N 13,80653°E"
Kamniti lovec / Cima del Cacciatore,Italija,Julijske Alpe,2071,vrh,93,"46,46466°N 13,52795°E"
Zasavska koča na Prehodavcih,Slovenija,Julijske Alpe,2071,"vrh, koča, bivak",98,"46,35856°N 13,79209°E"
Mala Tičarica,Slovenija,Julijske Alpe,2071,vrh,94,"46,3202°N 13,78512°E"
Zavetišče pod Špičkom,Slovenija,Julijske Alpe,2064,"koča, bivak",92,"46,41015°N 13,67785°E"
Poldnik (Kopa) / Picco di Mezzodi,Italija,Julijske Alpe,2063,vrh,31,"46,45951°N 13,63677°E"
Podrta gora,Slovenija,Julijske Alpe,2061,vrh,35,"46,26114°N 13,76907°E"
Veliki Pršivec,Slovenija,Julijske Alpe,2056,vrh,82,"46,38125°N 13,88672°E"
Vrh nad Škrbino,Slovenija,Julijske Alpe,2054,vrh,90,"46,2544°N 13,78°E"
Zeleni vrh,Slovenija,Julijske Alpe,2052,vrh,74,"46,2608°N 13,7635°E"
Pogačnikov dom na Kriških podih,Slovenija,Julijske Alpe,2050,"vrh, koča, bivak",99,"46,40273°N 13,80077°E"
Viševnik,Slovenija,Julijske Alpe,2050,vrh,100,"46,35901°N 13,89829°E"
Cima Alta (Dve špici),Italija,Julijske Alpe,2046,vrh,81,"46,47645°N 13,42029°E"
Veliki Lemež,Slovenija,Julijske Alpe,2042,vrh,34,"46,2882°N 13,6721°E"
Bivak Marrusich,Italija,Julijske Alpe,2041,"bivak, sedlo",64,"46,37206°N 13,42438°E"
Jezerski Stog,Slovenija,Julijske Alpe,2040,vrh,91,"46,33838°N 13,8449°E"
Na Pečeh,Slovenija,Julijske Alpe,2039,vrh,70,"46,44889°N 13,82604°E"
Srednji vrh (nad jezerom v Lužnici),Slovenija,Julijske Alpe,2032,vrh,73,"46,2609°N 13,6767°E"
Drobeče Sleme,Slovenija,Julijske Alpe,2029,vrh,73,"46,45453°N 13,87242°E"
Kreda,Slovenija,Julijske Alpe,2025,vrh,85,"46,32648°N 13,80956°E"
Eva,Slovenija,Julijske Alpe,2019,vrh,84,"46,34135°N 13,84004°E"
Velika Baba,Slovenija,Julijske Alpe,2016,vrh,93,"46,29478°N 13,70854°E"
Debela peč,Slovenija,Julijske Alpe,2014,vrh,99,"46,39071°N 13,93316°E"
Lopatnik,Slovenija,Julijske Alpe,2012,vrh,81,"46,2868°N 13,6493°E"
Adam,Slovenija,Julijske Alpe,2012,vrh,83,"46,3406°N 13,83849°E"
Mahavšček,Slovenija,Julijske Alpe,2008,vrh,91,"46,27747°N 13,73621°E"
Brda,Slovenija,Julijske Alpe,2008,vrh,90,"46,38497°N 13,92546°E"
Rjavo jezero,Slovenija,Julijske Alpe,2006,jezero,85,"46,35541°N 13,79558°E"
Ablanca,Slovenija,Julijske Alpe,2004,vrh,93,"46,35294°N 13,88419°E"
Lanževica,Slovenija,Julijske Alpe,2003,vrh,90,"46,29681°N 13,72491°E"
Kal,Slovenija,Julijske Alpe,2001,vrh,79,"46,31143°N 13,74607°E"
Meja,Slovenija,Julijske Alpe,1996,vrh,63,"46,25076°N 13,78727°E"
Vrh nad Vodeno Rupo,Slovenija,Julijske Alpe,1995,vrh,55,"46,3261°N 13,7915°E"
Zeleno jezero,Slovenija,Julijske Alpe,1988,jezero,86,"46,35125°N 13,79484°E"
Vratni vrh,Slovenija,Julijske Alpe,1983,vrh,13,"46,36069°N 13,51135°E"
Vogel (nad Lepeno),Slovenija,Julijske Alpe,1980,vrh,31,"46,28518°N 13,66587°E"
Velika Bavha / Monte Robon,Italija,Julijske Alpe,1980,vrh,70,"46,38591°N 13,5137°E"
Bivak na Rušju,Slovenija,Julijske Alpe,1980,bivak,85,"46,41748°N 13,8199°E"
Draški rob,Slovenija,Julijske Alpe,1979,vrh,72,"46,3659°N 13,8971°E"
Bogatin,Slovenija,Julijske Alpe,1977,vrh,94,"46,28163°N 13,73508°E"
Pri Banderi,Slovenija,Julijske Alpe,1974,vrh,55,"46,35512°N 13,64484°E"
Lipanski vrh,Slovenija,Julijske Alpe,1974,vrh,90,"46,37901°N 13,92016°E"
Vrh Planje,Slovenija,Julijske Alpe,1971,vrh,74,"46,2663°N 13,7508°E"
Monte Gosadon,Italija,Julijske Alpe,1968,vrh,6,"46,47276°N 13,41588°E"
Raskovec,Slovenija,Julijske Alpe,1967,vrh,75,"46,22906°N 13,88543°E"
Rodica,Slovenija,Julijske Alpe,1966,vrh,98,"46,22774°N 13,86519°E"
Vrh Ovčje planje,Slovenija,Julijske Alpe,1965,vrh,63,"46,35453°N 13,64104°E"
Okroglež,Slovenija,Julijske Alpe,1965,vrh,75,"46,3861°N 13,93119°E"
Bivak pod Kotovim sedlom,Slovenija,Julijske Alpe,1965,bivak,80,"46,43066°N 13,6879°E"
Mrežce,Slovenija,Julijske Alpe,1965,vrh,95,"46,37759°N 13,91953°E"
Plešivec,Slovenija,Julijske Alpe,1962,vrh,16,"46,36113°N 13,51611°E"
Debeli vrh nad Lipanco,Slovenija,Julijske Alpe,1962,vrh,86,"46,37324°N 13,91123°E"
Velika Montura,Slovenija,Julijske Alpe,1958,vrh,33,"46,287°N 13,7116°E"
Lopič / Monte Plauris,Italija,Julijske Alpe,1958,,65,"46,3592°N 13,1959°E"
Vrh Leh,Slovenija,Julijske Alpe,1958,vrh,56,"46,35786°N 13,64824°E"
Veliki Selišnik,Slovenija,Julijske Alpe,1952,vrh,75,"46,36606°N 13,90324°E"
Bivak Gorizia,Italija,Julijske Alpe,1950,bivak,67,"46,42571°N 13,51796°E"
Mali Raskovec,Slovenija,Julijske Alpe,1946,vrh,56,"46,23133°N 13,88013°E"
Suha Rodica (Novi vrh),Slovenija,Julijske Alpe,1944,vrh,61,"46,22596°N 13,87618°E"
Veliki Šmohor,Slovenija,Julijske Alpe,1944,vrh,79,"46,27427°N 13,68549°E"
Prednje Robičje,Slovenija,Julijske Alpe,1941,vrh,72,"46,44441°N 13,74514°E"
Mali Šmohor,Slovenija,Julijske Alpe,1939,vrh,71,"46,27923°N 13,68712°E"
Matajurski vrh,Slovenija,Julijske Alpe,1936,vrh,74,"46,22633°N 13,89726°E"
Vrh Škrli,Slovenija,Julijske Alpe,1926,vrh,61,"46,27426°N 13,74549°E"
Macesnovec,Slovenija,Julijske Alpe,1926,vrh,89,"46,40378°N 13,90672°E"
Bela glava,Slovenija,Julijske Alpe,1926,vrh,69,"46,31811°N 13,79378°E"
Mala Ponca,Italija,Julijske Alpe,1925,vrh,89,"46,46818°N 13,6932°E"
Vogel,Slovenija,Julijske Alpe,1922,vrh,97,"46,23829°N 13,8125°E"
Rušnati vrh,Slovenija,Julijske Alpe,1915,vrh,60,"46,24681°N 13,7957°E"
Rdeči rob,Slovenija,Julijske Alpe,1913,vrh,78,"46,25016°N 13,69624°E"
Kraljevska špica/Monte Re,Italija,Julijske Alpe,1912,vrh,76,"46,45596°N 13,55719°E"
Slemenova špica,Slovenija,Julijske Alpe,1911,"vrh, planina",99,"46,44584°N 13,7266°E"
Speleološki bivak Modonutti - Savoia,Italija,Julijske Alpe,1908,"bivak, sedlo",58,"46,3845°N 13,5155°E"
Bivak Bernardinis,Italija,Julijske Alpe,1907,bivak,58,"46,47641°N 13,42407°E"
Mangartska koča na Mangartskem sedlu,Slovenija,Julijske Alpe,1906,koča,90,"46,43932°N 13,64065°E"
Mala Rodica,Slovenija,Julijske Alpe,1901,vrh,61,"46,23085°N 13,86239°E"
Kser,Slovenija,Julijske Alpe,1900,vrh,66,"46,27221°N 13,74742°E"
Rušnata glava,Slovenija,Julijske Alpe,1899,vrh,73,"46,31315°N 13,78467°E"
Vrtaški vrh,Slovenija,Julijske Alpe,1898,vrh,86,"46,45531°N 13,88788°E"
Poljanski vrh,Slovenija,Julijske Alpe,1897,vrh,61,"46,23023°N 13,90303°E"
Vrh Krnic,Slovenija,Julijske Alpe,1896,vrh,64,"46,23958°N 13,80994°E"
Vrh Razora,Slovenija,Julijske Alpe,1893,vrh,79,"46,37598°N 13,91362°E"
Studorski preval,Slovenija,Julijske Alpe,1892,sedlo,85,"46,35436°N 13,88201°E"
Srednji Selišnik,Slovenija,Julijske Alpe,1890,vrh,70,"46,36393°N 13,90285°E"
Krniška glavica / Jof di Sompdogna,Italija,Julijske Alpe,1889,"vrh, bivak",15,"46,45313°N 13,43918°E"
Klečica,Slovenija,Julijske Alpe,1889,vrh,55,"46,3973°N 13,9413°E"
Velika Glava,Slovenija,Julijske Alpe,1883,vrh,12,"46,36286°N 13,77096°E"
Šija,Slovenija,Julijske Alpe,1880,vrh,91,"46,23863°N 13,83413°E"
Spodnje Kriško jezero,Slovenija,Julijske Alpe,1880,jezero,84,"46,39903°N 13,80185°E"
Krsteniški Stog,Slovenija,Julijske Alpe,1879,vrh,70,"46,33102°N 13,84955°E"
Konjski vrh,Slovenija,Julijske Alpe,1879,vrh,68,"46,2302°N 13,90863°E"
Čisti vrh,Slovenija,Julijske Alpe,1875,vrh,78,"46,3556°N 13,7523°E"
Rifugio Corsi,Italija,Julijske Alpe,1874,koča,78,"46,42212°N 13,50003°E"
Tolminski Migovec,Slovenija,Julijske Alpe,1868,vrh,83,"46,24629°N 13,76239°E"
Požgana Mlinarica,Slovenija,Julijske Alpe,1868,vrh,74,"46,4079°N 13,8794°E"
Vrh Planje (nad Globokim),Slovenija,Julijske Alpe,1863,vrh,63,"46,24408°N 13,80321°E"
Skutnik/Torre Guarda,Italija,Julijske Alpe,1860,vrh,70,"46,43403°N 13,59007°E"
Vrh Dlani,Slovenija,Julijske Alpe,1852,vrh,58,"46,239°N 13,8298°E"
Bivak Nogara,Italija,Julijske Alpe,1850,bivak,70,"46,44718°N 13,65418°E"
Rifugio Gilberti,Italija,Julijske Alpe,1850,koča,74,"46,37194°N 13,46127°E"
Šober / Monte Sciober Grande,Italija,Julijske Alpe,1845,vrh,70,"46,45037°N 13,59921°E"
Žabiški Kuk,Slovenija,Julijske Alpe,1844,vrh,75,"46,23032°N 13,80484°E"
Črna prst,Slovenija,Julijske Alpe,1844,"vrh, koča, bivak",99,"46,23062°N 13,93184°E"
Četrt,Slovenija,Julijske Alpe,1832,vrh,61,"46,23067°N 13,91666°E"
Jezero v Ledvicah,Slovenija,Julijske Alpe,1831,jezero,87,"46,3402°N 13,78252°E"
Kovačičeva glava,Slovenija,Julijske Alpe,1827,vrh,58,"46,31981°N 13,8023°E"
Visoka glava,Slovenija,Julijske Alpe,1822,vrh,55,"46,3152°N 13,8012°E"
Vodnikov dom na Velem polju,Slovenija,Julijske Alpe,1817,"koča, bivak",96,"46,35588°N 13,86133°E"
Stara koča na Kaninu,Slovenija,Julijske Alpe,1814,,27,"46,3436°N 13,47597°E"
Pri treh macesnih,Slovenija,Julijske Alpe,1810,,72,"46,44696°N 13,83911°E"
Vrtec,Slovenija,Julijske Alpe,1809,vrh,64,"46,30517°N 13,8063°E"
Jezero v Lužnici,Slovenija,Julijske Alpe,1801,jezero,83,"46,25519°N 13,68558°E"
Visoki Orlov rob,Slovenija,Julijske Alpe,1800,vrh,65,"46,2415°N 13,8365°E"
Škraplja,Italija,Julijske Alpe,1794,vrh,65,"46,3853°N 13,5335°E"
Plesišče,Slovenija,Julijske Alpe,1790,vrh,67,"46,353°N 13,905°E"
Kumlehova glava,Slovenija,Julijske Alpe,1788,vrh,78,"46,45375°N 13,75866°E"
Rušni vrh,Slovenija,Julijske Alpe,1786,vrh,56,"46,2326°N 13,9373°E"
Stadorski Orliči,Slovenija,Julijske Alpe,1782,vrh,56,"46,30215°N 13,80323°E"
Rušnata Mlinarica,Slovenija,Julijske Alpe,1777,vrh,65,"46,41265°N 13,87945°E"
Krasji vrh,Slovenija,Julijske Alpe,1773,vrh,93,"46,2892°N 13,59277°E"
Rigeljc,Slovenija,Julijske Alpe,1768,vrh,57,"46,30152°N 13,79966°E"
Veliki vrh (Polovnik),Slovenija,Julijske Alpe,1768,,76,"46,29498°N 13,57129°E"
Čukla,Slovenija,Julijske Alpe,1767,vrh,88,"46,35878°N 13,54751°E"
Svete Višarje / Monte Lussari,Italija,Julijske Alpe,1766,"vrh, koča, cerkev",97,"46,47998°N 13,523°E"
Kurji vrh,Slovenija,Julijske Alpe,1762,vrh,84,"46,46596°N 13,80579°E"
Pršivec,Slovenija,Julijske Alpe,1761,vrh,96,"46,2973°N 13,82122°E"
Glave,Slovenija,Julijske Alpe,1760,vrh,60,"46,46647°N 13,70185°E"
Luknja,Slovenija,Julijske Alpe,1758,sedlo,88,"46,38798°N 13,81486°E"
Sovna glava,Slovenija,Julijske Alpe,1750,vrh,79,"46,42703°N 13,75107°E"
Zavitar,Slovenija,Julijske Alpe,1750,vrh,72,"46,24881°N 13,84507°E"
Visoka peč,Slovenija,Julijske Alpe,1749,vrh,35,"46,4668°N 13,7353°E"
Ciprnik,Slovenija,Julijske Alpe,1745,vrh,97,"46,46923°N 13,74031°E"
Vršič vrh,Slovenija,Julijske Alpe,1737,vrh,96,"46,4341°N 13,74667°E"
Skutnik /Monte Guarda,Italija,Julijske Alpe,1721,vrh,78,"46,32246°N 13,43927°E"
Planina Jezerce,Slovenija,Julijske Alpe,1720,"jezero, planina",82,"46,33733°N 13,83825°E"
Planina Zgornja Krma,Slovenija,Julijske Alpe,1720,planina,86,"46,3682°N 13,86771°E"
Veliki Karman / Monte Chiampon,Italija,Julijske Alpe,1713,,62,"46,2946°N 13,1815°E"
Rutarski Vršič,Slovenija,Julijske Alpe,1699,vrh,72,"46,4648°N 13,84688°E"
Gradovec,Slovenija,Julijske Alpe,1692,vrh,27,"46,2396°N 13,8857°E"
Poštarski dom na Vršiču,Slovenija,Julijske Alpe,1688,koča,87,"46,43244°N 13,74758°E"
Koča pri Triglavskih jezerih,Slovenija,Julijske Alpe,1685,"koča, jezero, bivak",100,"46,3186°N 13,77898°E"
Orlove glave,Slovenija,Julijske Alpe,1682,vrh,82,"46,2494°N 13,8372°E"
Velo polje,Slovenija,Julijske Alpe,1680,planina,86,"46,35695°N 13,85513°E"
Stol (Julijske Alpe),Slovenija,Julijske Alpe,1673,vrh,95,"46,27827°N 13,45413°E"
Planina Krstenica,Slovenija,Julijske Alpe,1670,planina,92,"46,32596°N 13,85037°E"
Na Glavi,Slovenija,Julijske Alpe,1666,vrh,8,"46,38446°N 13,72422°E"
Jehlc (Špičasta kupa),Slovenija,Julijske Alpe,1662,vrh,61,"46,22019°N 13,86219°E"
Rifugio di Brazza,Italija,Julijske Alpe,1660,"koča, bivak",77,"46,41422°N 13,44656°E"
Planina Ovčarija,Slovenija,Julijske Alpe,1660,planina,84,"46,30959°N 13,79581°E"
Zavetišče pod Ponco,Italija,Julijske Alpe,1657,bivak,70,"46,46638°N 13,6855°E"
Lisc (Lisec),Slovenija,Julijske Alpe,1653,vrh,17,"46,24028°N 13,92782°E"
Florjanka / Monte Florianca,Italija,Julijske Alpe,1653,"vrh, jezero",29,"46,4853°N 13,5471°E"
Svinjak,Slovenija,Julijske Alpe,1653,vrh,95,"46,35041°N 13,61174°E"
Planina pod Mišelj vrhom,Slovenija,Julijske Alpe,1645,"jezero, planina",78,"46,34973°N 13,84596°E"
Matajur,Italija,Julijske Alpe,1642,"vrh, cerkev",97,"46,21211°N 13,52945°E"
Gabrovec (Veliki Muzec),Slovenija,Julijske Alpe,1630,vrh,68,"46,28907°N 13,41061°E"
Blejska koča na Lipanci,Slovenija,Julijske Alpe,1630,"koča, planina",98,"46,3753°N 13,92753°E"
Planina Viševnik,Slovenija,Julijske Alpe,1625,"koča, planina",91,"46,30592°N 13,81746°E"
Vošni vrh,Slovenija,Julijske Alpe,1621,vrh,52,"46,4128°N 13,9439°E"
Tičarjev dom na Vršiču,Slovenija,Julijske Alpe,1618,koča,88,"46,43278°N 13,74439°E"
Breški Jalovec / Punta di Montemaggiore,Italija,Julijske Alpe,1613,vrh,76,"46,28461°N 13,36944°E"
Muzec - Musc (Mali Muzec),Slovenija,Julijske Alpe,1612,vrh,73,"46,28734°N 13,41855°E"
Slatnik (severozahodni vrh),Slovenija,Julijske Alpe,1609,vrh,86,"46,23708°N 13,99341°E"
Možic,Slovenija,Julijske Alpe,1602,vrh,94,"46,24182°N 13,99482°E"
Planina za Migovcem,Slovenija,Julijske Alpe,1600,planina,59,"46,2615°N 13,787°E"
Slatnik (jugovzhodni vrh),Slovenija,Julijske Alpe,1597,vrh,32,"46,23455°N 13,99907°E"
Nemške glave,Italija,Julijske Alpe,1597,vrh,68,"46,40844°N 13,57477°E"
Jerebikovec,Slovenija,Julijske Alpe,1593,"vrh, bivak",91,"46,44318°N 13,95553°E"
Lovska koča Berebica,Slovenija,Julijske Alpe,1590,"planina, sedlo",9,"46,38603°N 13,72203°E"
Bivak Stuparich,Italija,Julijske Alpe,1587,bivak,60,"46,44486°N 13,44788°E"
Brinova glava,Slovenija,Julijske Alpe,1586,vrh,9,"46,42819°N 13,85417°E"
Šavnik,Slovenija,Julijske Alpe,1574,vrh,84,"46,24208°N 13,98469°E"
Grušnica,Slovenija,Julijske Alpe,1570,vrh,31,"46,2391°N 13,7504°E"
Višarska planina / Malga di Lussari,Italija,Julijske Alpe,1570,planina,71,"46,47591°N 13,5335°E"
Visoki Mavrinc,Slovenija,Julijske Alpe,1562,vrh,89,"46,45009°N 13,76556°E"
Planina v Lazu,Slovenija,Julijske Alpe,1560,planina,86,"46,32882°N 13,82552°E"
Planina Dedno Polje,Slovenija,Julijske Alpe,1560,planina,86,"46,31511°N 13,81189°E"
Planina Lopučnica,Slovenija,Julijske Alpe,1558,planina,61,"46,3158°N 13,76698°E"
Javoršček,Slovenija,Julijske Alpe,1557,vrh,79,"46,3141°N 13,5976°E"
Planina Klek,Slovenija,Julijske Alpe,1556,planina,81,"46,39407°N 13,96161°E"
Mojčin dom na Vitrancu,Slovenija,Julijske Alpe,1555,koča,93,"46,476°N 13,7598°E"
Planja (nad Mangartsko planino),Slovenija,Julijske Alpe,1553,vrh,20,"46,4263°N 13,6154°E"
Bivak pod Muzcem,Slovenija,Julijske Alpe,1550,"bivak, sedlo",70,"46,28743°N 13,41393°E"
Lajnar,Slovenija,Julijske Alpe,1549,vrh,90,"46,23017°N 14,00632°E"
Planina v Plazeh,Slovenija,Julijske Alpe,1548,"planina, sedlo",60,"46,352°N 13,7317°E"
Dravh,Slovenija,Julijske Alpe,1547,vrh,83,"46,23268°N 14,0138°E"
Dom na Matajure,Italija,Julijske Alpe,1545,koča,75,"46,20924°N 13,52503°E"
Požar,Slovenija,Julijske Alpe,1543,vrh,56,"46,42047°N 13,88618°E"
Kravja Črna gora,Slovenija,Julijske Alpe,1541,vrh,68,"46,2401°N 13,96039°E"
Visoka glava (na Matajurju),Italija,Julijske Alpe,1540,vrh,21,"46,218°N 13,5255°E"
Mesnovec,Slovenija,Julijske Alpe,1538,vrh,64,"46,3372°N 13,9446°E"
Planinska koča Merjasec,Slovenija,Julijske Alpe,1535,koča,84,"46,26335°N 13,83977°E"
Viška planina,Italija,Julijske Alpe,1530,planina,66,"46,41478°N 13,50194°E"
Planina na Polju,Slovenija,Julijske Alpe,1530,planina,77,"46,2785°N 13,67646°E"
Lovska koča na Glinu,Slovenija,Julijske Alpe,1527,vrh,50,"46,2411°N 13,8684°E"
Erjavčeva koča na Vršiču,Slovenija,Julijske Alpe,1525,koča,89,"46,43921°N 13,74934°E"
Rifugio Cinque Punte,Italija,Julijske Alpe,1520,bivak,61,"46,45894°N 13,59549°E"
Dom na Komni,Slovenija,Julijske Alpe,1520,koča,99,"46,28446°N 13,77338°E"
Planina Ravna,Italija,Julijske Alpe,1515,"bivak, planina, cerkev",53,"46,4851°N 13,467°E"
Krevl,Slovenija,Julijske Alpe,1515,vrh,68,"46,23596°N 13,96068°E"
Koča pod Bogatinom,Slovenija,Julijske Alpe,1513,"koča, planina",94,"46,28775°N 13,76333°E"
Planina Za skalo,Slovenija,Julijske Alpe,1510,planina,75,"46,31904°N 13,71744°E"
Malga Granuda,Italija,Julijske Alpe,1501,planina,4,"46,48092°N 13,40444°E"
Lovska koča Na Utrci,Slovenija,Julijske Alpe,1500,,60,"46,39604°N 13,79424°E"
Rifugio Pellarini,Italija,Julijske Alpe,1499,koča,64,"46,44064°N 13,50833°E"
Lengarjeva glava,Slovenija,Julijske Alpe,1498,vrh,51,"46,42482°N 13,89332°E"
Kobla,Slovenija,Julijske Alpe,1498,vrh,88,"46,23387°N 13,96483°E"
Planina na Kalu,Slovenija,Julijske Alpe,1490,"bivak, planina",65,"46,2422°N 13,7558°E"
Nizki vrh ,Slovenija,Julijske Alpe,1488,vrh,57,"46,2916°N 13,3902°E"
Črni vrh / Colrotondo,Italija,Julijske Alpe,1486,vrh,23,"46,475°N 13,6534°E"
Planina Vodični vrh,Slovenija,Julijske Alpe,1486,planina,69,"46,3015°N 13,8437°E"
Javorov vrh (Pokljuka),Slovenija,Julijske Alpe,1482,vrh,85,"46,32423°N 13,95066°E"
Planina Govnjač,Slovenija,Julijske Alpe,1480,planina,76,"46,27634°N 13,76316°E"
Bivak pod Luknjo,Slovenija,Julijske Alpe,1480,bivak,87,"46,39127°N 13,82189°E"
Kobilja glava,Slovenija,Julijske Alpe,1475,vrh,84,"46,19015°N 13,79541°E"
Planina Poljana,Slovenija,Julijske Alpe,1466,planina,58,"46,23684°N 13,89276°E"
Vrtaška planina,Slovenija,Julijske Alpe,1462,"bivak, planina",82,"46,45333°N 13,9042°E"
Koča na Planini pri Jezeru,Slovenija,Julijske Alpe,1453,"koča, jezero, bivak, planina",96,"46,30968°N 13,82758°E"
Jalovnik,Slovenija,Julijske Alpe,1452,vrh,64,"46,18723°N 13,80083°E"
Planina Sleme,Slovenija,Julijske Alpe,1448,"planina, sedlo",76,"46,2429°N 13,6918°E"
Laghetto di Somdogna,Italija,Julijske Alpe,1447,jezero,5,"46,45933°N 13,44731°E"
Risnati rob (Polevec),Slovenija,Julijske Alpe,1438,vrh,16,"46,44325°N 13,94608°E"
Planina Konjščica,Slovenija,Julijske Alpe,1438,"koča, planina",93,"46,3488°N 13,89645°E"
Rifugio Brunner,Italija,Julijske Alpe,1432,koča,18,"46,42357°N 13,53081°E"
Bivak pod Špikom,Slovenija,Julijske Alpe,1424,"koča, bivak",86,"46,45705°N 13,81836°E"
Planina Zadnji Vogel,Slovenija,Julijske Alpe,1413,planina,78,"46,2502°N 13,8277°E"
Planina Gorjuda,Italija,Julijske Alpe,1404,"bivak, planina",54,"46,38629°N 13,43932°E"
Planina nad Sočo,Slovenija,Julijske Alpe,1400,planina,65,"46,3522°N 13,6587°E"
Planina Osredki,Slovenija,Julijske Alpe,1400,"bivak, planina",63,"46,2379°N 13,92248°E"
Krnsko jezero,Slovenija,Julijske Alpe,1391,"jezero, planina",99,"46,2857°N 13,68434°E"
Mali vrh (na Mežakli),Slovenija,Julijske Alpe,1389,vrh,19,"46,4485°N 13,9511°E"
Rifugio Grego,Italija,Julijske Alpe,1389,"koča, bivak",65,"46,4575°N 13,4551°E"
Planina Zapotok,Slovenija,Julijske Alpe,1385,planina,19,"46,38288°N 13,68511°E"
Planina Suha,Slovenija,Julijske Alpe,1385,planina,79,"46,24169°N 13,85591°E"
Dom pri Krnskih jezerih,Slovenija,Julijske Alpe,1385,"koča, bivak",94,"46,28869°N 13,69618°E"
Tonkina koča na Vršiču,Slovenija,Julijske Alpe,1380,koča,35,"46,4389°N 13,7538°E"
Rifugio Zacchi,Italija,Julijske Alpe,1380,koča,76,"46,45921°N 13,6843°E"
Planica pod Krnom,Slovenija,Julijske Alpe,1376,vrh,58,"46,2485°N 13,64°E"
Lipenšči hrib,Slovenija,Julijske Alpe,1375,vrh,58,"46,354°N 13,9572°E"
Mali Karman / Monte Cuarnan,Italija,Julijske Alpe,1372,,55,"46,2787°N 13,1866°E"
Javor (nad Tolminskimi Ravnami),Slovenija,Julijske Alpe,1363,vrh,24,"46,234°N 13,7592°E"
Mrzli vrh nad planino Pretovč,Slovenija,Julijske Alpe,1359,vrh,82,"46,2188°N 13,69596°E"
Planina Strehica,Italija,Julijske Alpe,1359,planina,50,"46,4876°N 13,4552°E"
Mrzli vrh (na Matajurju),Slovenija,Julijske Alpe,1358,vrh,85,"46,20958°N 13,56234°E"
Črna gora,Slovenija,Julijske Alpe,1350,"vrh, bivak",80,"46,43525°N 13,91178°E"
Orožnova koča na planini za Liscem,Slovenija,Julijske Alpe,1346,"koča, planina",93,"46,24172°N 13,93748°E"
Bivak Za Akom,Slovenija,Julijske Alpe,1340,bivak,80,"46,45952°N 13,83833°E"
Planina Za Črno goro,Slovenija,Julijske Alpe,1340,planina,70,"46,23846°N 13,95137°E"
Planina Goričica,Slovenija,Julijske Alpe,1336,planina,76,"46,3532°N 13,54087°E"
Frčkova planina,Slovenija,Julijske Alpe,1335,planina,53,"46,4231°N 13,9504°E"
Srednji vrh (na Matajurju),Slovenija,Julijske Alpe,1320,vrh,18,"46,2088°N 13,5655°E"
Planina za Šavnikom,Slovenija,Julijske Alpe,1320,"bivak, planina",70,"46,2461°N 13,9872°E"
Koča na planini Razor,Slovenija,Julijske Alpe,1315,"koča, bivak, planina",96,"46,23562°N 13,79334°E"
Kota 1313,Slovenija,Julijske Alpe,1313,vrh,78,"46,36066°N 13,57516°E"
Koča na Soriški planini,Slovenija,Julijske Alpe,1306,"koča, planina",92,"46,24°N 14,00737°E"
Planina Dobrenjščica,Slovenija,Julijske Alpe,1304,planina,65,"46,2643°N 13,7384°E"
Lovska koča Bala,Slovenija,Julijske Alpe,1300,,58,"46,3893°N 13,652°E"
Mangartska planina,Slovenija,Julijske Alpe,1295,planina,32,"46,4296°N 13,6089°E"
Črno jezero,Slovenija,Julijske Alpe,1294,jezero,95,"46,29834°N 13,79533°E"
Planina Zajavornik,Slovenija,Julijske Alpe,1292,planina,86,"46,36027°N 13,9489°E"
Planina Zajamniki,Slovenija,Julijske Alpe,1280,"koča, planina",97,"46,3127°N 13,9344°E"
Vrh Bače,Slovenija,Julijske Alpe,1273,sedlo,78,"46,2367°N 13,9808°E"
Rečiška planina,Slovenija,Julijske Alpe,1265,planina,16,"46,3498°N 14,0106°E"
Galetovec,Slovenija,Julijske Alpe,1265,vrh,91,"46,33145°N 14,03875°E"
Berjanca,Slovenija,Julijske Alpe,1264,vrh,25,"46,3546°N 14,0203°E"
Zgornji Goreljek (Pokljuka),Slovenija,Julijske Alpe,1260,"koča, planina, cerkev",32,"46,3358°N 13,9632°E"
Planina Krnica,Slovenija,Julijske Alpe,1252,planina,79,"46,35243°N 13,5087°E"
Idrska planina,Slovenija,Julijske Alpe,1250,planina,65,"46,21225°N 13,56509°E"
Planina Zgornja Grintovica,Slovenija,Julijske Alpe,1250,planina,76,"46,32841°N 13,86507°E"
Turn (nad Bohinjsko Belo),Slovenija,Julijske Alpe,1249,vrh,28,"46,3392°N 14,0366°E"
Planina Berebica,Slovenija,Julijske Alpe,1248,planina,7,"46,37589°N 13,71676°E"
Planina Zagreben,Slovenija,Julijske Alpe,1240,planina,23,"46,29848°N 13,65017°E"
Belska planina,Slovenija,Julijske Alpe,1237,planina,30,"46,3367°N 14,0224°E"
Izvir Nadiže,Slovenija,Julijske Alpe,1232,slap,35,"46,4484°N 13,707°E"
Planina Zgornji Kozjek,Slovenija,Julijske Alpe,1230,planina,14,"46,4296°N 14,0017°E"
Planina Leskovca,Slovenija,Julijske Alpe,1230,planina,75,"46,24888°N 13,67888°E"
Koča na Gozdu,Slovenija,Julijske Alpe,1226,koča,87,"46,43964°N 13,76252°E"
Bivak Hlek,Slovenija,Julijske Alpe,1225,bivak,69,"46,26671°N 13,51519°E"
Spodnji Goreljek (Pokljuka),Slovenija,Julijske Alpe,1222,planina,29,"46,3304°N 13,9821°E"
Italijanska vojaška kapela na Planici,Slovenija,Julijske Alpe,1220,cerkev,63,"46,2427°N 13,6428°E"
Svinska planina,Slovenija,Julijske Alpe,1214,planina,68,"46,21896°N 13,55144°E"
Grajska planina (Ribšca),Slovenija,Julijske Alpe,1210,"jezero, planina",20,"46,3428°N 13,9984°E"
Škrbina (Mežakla),Slovenija,Julijske Alpe,1210,vrh,73,"46,42439°N 14,04422°E"
Planina Zaprikraj,Slovenija,Julijske Alpe,1208,planina,78,"46,28773°N 13,62328°E"
Lovska koča Mali Vokel,Slovenija,Julijske Alpe,1193,,12,"46,353°N 14,0259°E"
Lovčev bivak Pri Koucah,Slovenija,Julijske Alpe,1192,,57,"46,2306°N 13,9959°E"
Police,Slovenija,Julijske Alpe,1184,vrh,25,"46,4016°N 14,0128°E"
Planina Bala,Slovenija,Julijske Alpe,1181,planina,61,"46,3802°N 13,6375°E"
Planina Spodnja Grintovica,Slovenija,Julijske Alpe,1175,planina,74,"46,33191°N 13,86584°E"
Planina Ilovec,Slovenija,Julijske Alpe,1170,planina,17,"46,3295°N 14,0333°E"
Planina Pretovč,Slovenija,Julijske Alpe,1160,"planina, sedlo",62,"46,22563°N 13,6942°E"
Bivak na Črniku,Slovenija,Julijske Alpe,1160,bivak,62,"46,26463°N 13,64347°E"
Koča na Uskovnici,Slovenija,Julijske Alpe,1154,"koča, planina, cerkev",96,"46,32053°N 13,90957°E"
Zgornji Martuljkov slap,Slovenija,Julijske Alpe,1150,slap,81,"46,46112°N 13,83886°E"
Planina Blato,Slovenija,Julijske Alpe,1147,planina,93,"46,314°N 13,8491°E"
Gozdarska koča Mali Vokel,Slovenija,Julijske Alpe,1145,,14,"46,3525°N 14,0287°E"
Zapotoški slapovi,Slovenija,Julijske Alpe,1140,slap,12,"46,38651°N 13,6926°E"
Planina Medrja,Slovenija,Julijske Alpe,1133,planina,57,"46,2329°N 13,7013°E"
Snežna jama na Mežakli,Slovenija,Julijske Alpe,1130,,69,"46,4156°N 14,0566°E"
Ruska kapelica,Slovenija,Julijske Alpe,1130,cerkev,73,"46,44288°N 13,7679°E"
Bedančev dom,Slovenija,Julijske Alpe,1116,koča,35,"46,4836°N 13,7622°E"
Koča v Krnici,Slovenija,Julijske Alpe,1113,koča,95,"46,43236°N 13,78762°E"
Dom v Tamarju,Slovenija,Julijske Alpe,1108,"koča, planina, cerkev",96,"46,44605°N 13,7134°E"
Hotunjski vrh,Slovenija,Julijske Alpe,1107,vrh,34,"46,3652°N 14,0407°E"
Planina Lom,Slovenija,Julijske Alpe,1090,"planina, sedlo",64,"46,19957°N 13,78219°E"
Mihov dom na Vršiču,Slovenija,Julijske Alpe,1085,koča,81,"46,44342°N 13,77177°E"
Kobala,Slovenija,Julijske Alpe,1080,vrh,60,"46,18139°N 13,77967°E"
Malga Cuarnan,Italija,Julijske Alpe,1070,koča,13,"46,2842°N 13,1788°E"
Planina v Prodih,Slovenija,Julijske Alpe,1070,planina,25,"46,2284°N 13,8315°E"
Kosijev dom na Vogarju,Slovenija,Julijske Alpe,1054,"koča, planina",92,"46,29671°N 13,867°E"
Slapovi v Kotu,Slovenija,Julijske Alpe,1050,slap,23,"46,40524°N 13,88722°E"
Partizanska bolnišnica na Mežakli,Slovenija,Julijske Alpe,1050,,53,Brez podatka
Koča na planini Stador,Slovenija,Julijske Alpe,1050,"koča, planina",69,"46,19°N 13,78197°E"
Kup,Slovenija,Julijske Alpe,1046,vrh,63,"46,22006°N 13,99055°E"
Planina Obranica,Slovenija,Julijske Alpe,1035,"koča, planina",63,"46,41199°N 14,06793°E"
Planinsko zavetišče Slatna,Slovenija,Julijske Alpe,1023,koča,21,"46,48802°N 13,71391°E"
Vodnikov razglednik,Slovenija,Julijske Alpe,1017,vrh,35,"46,3023°N 13,977°E"
Aljažev dom v Vratih,Slovenija,Julijske Alpe,1015,"koča, bivak, cerkev",94,"46,40904°N 13,84339°E"
Jezerska planina / Alpe del Lago,Italija,Julijske Alpe,1006,planina,21,"46,4671°N 13,6614°E"
Planina za Jamo,Slovenija,Julijske Alpe,1005,planina,59,"46,32256°N 14,03886°E"
Studor,Slovenija,Julijske Alpe,1002,"vrh, jezero, planina",35,"46,29553°N 13,90745°E"
Koča na planini Kuhinja,Slovenija,Julijske Alpe,1002,"koča, planina",70,"46,24144°N 13,65986°E"
Klatnica ,Slovenija,Julijske Alpe,1000,,57,"46,2794°N 13,417°E"
Planina Laška seč,Slovenija,Julijske Alpe,1000,planina,59,"46,2353°N 13,7055°E"
Izvir Soče,Slovenija,Julijske Alpe,990,slap,89,"46,41185°N 13,72405°E"
Sveta Marjeta pod Stolom,Slovenija,Julijske Alpe,973,cerkev,62,"46,2732°N 13,4377°E"
Ožarjeni kamen,Slovenija,Julijske Alpe,960,,31,"46,28955°N 13,83164°E"
Planina Ravne,Slovenija,Julijske Alpe,956,planina,26,"46,4121°N 14,006°E"
Slap Suha,Slovenija,Julijske Alpe,950,slap,66,"46,30581°N 13,85786°E"
Rudnica,Slovenija,Julijske Alpe,946,vrh,86,"46,28545°N 13,92079°E"
Boršt,Slovenija,Julijske Alpe,931,vrh,31,"46,4011°N 14,0829°E"
Slap Zaročenca,Slovenija,Julijske Alpe,930,slap,69,Brez podatka
Ingotova koča na planini Jesenje,Slovenija,Julijske Alpe,930,"koča, planina, cerkev",82,"46,4698°N 13,83131°E"
Zgornje Mangartsko jezero,Italija,Julijske Alpe,929,"koča, jezero",76,"46,47529°N 13,66811°E"
Spodnje Mangartsko jezero,Italija,Julijske Alpe,924,"koča, jezero",30,"46,4821°N 13,6733°E"
Planina Rčitno,Slovenija,Julijske Alpe,900,planina,64,"46,3566°N 14,0404°E"
Kres nad Kočno,Slovenija,Julijske Alpe,890,vrh,27,"46,419°N 14,0789°E"
Planina Blatce,Slovenija,Julijske Alpe,888,planina,25,"46,2974°N 13,8991°E"
Kovinarska koča v Krmi,Slovenija,Julijske Alpe,870,"koča, planina",76,"46,4005°N 13,9235°E"
Vrše,Slovenija,Julijske Alpe,850,vrh,28,"46,4077°N 14,0882°E"
Izvir Boke,Slovenija,Julijske Alpe,850,,64,"46,3221°N 13,4784°E"
Slap Peričnik - zgornji slap,Slovenija,Julijske Alpe,850,slap,78,"46,43948°N 13,89354°E"
Spodnji Martuljkov slap,Slovenija,Julijske Alpe,850,slap,70,"46,47233°N 13,82839°E"
Zelenci,Slovenija,Julijske Alpe,845,jezero,90,"46,49235°N 13,73771°E"
Grančišče,Slovenija,Julijske Alpe,844,vrh,66,"46,4589°N 13,9328°E"
Logje,Slovenija,Julijske Alpe,840,planina,71,"46,37498°N 13,63454°E"
Hom pri Bledu,Slovenija,Julijske Alpe,834,vrh,34,"46,39476°N 14,0931°E"
Jezero Jasna,Slovenija,Julijske Alpe,830,"koča, jezero",35,"46,4748°N 13,7833°E"
Pokljuška soteska (luknja),Slovenija,Julijske Alpe,830,,69,"46,3766°N 14,0326°E"
Poljanska baba,Slovenija,Julijske Alpe,830,vrh,58,"46,4176°N 14,0779°E"
Brezje / Montemaggiore,Italija,Julijske Alpe,819,,48,"46,2681°N 13,37°E"
Sv. Peter in Pavel (Perati),Slovenija,Julijske Alpe,812,cerkev,14,"46,2028°N 13,5942°E"
Humčič,Slovenija,Julijske Alpe,810,,59,"46,3143°N 13,57605°E"
Žerjavec (Kavče),Slovenija,Julijske Alpe,805,vrh,25,"46,4159°N 14,0853°E"
Koča na Petrovem Brdu,Slovenija,Julijske Alpe,804,"koča, sedlo",76,"46,2154°N 13,999°E"
Planina Črča,Slovenija,Julijske Alpe,800,planina,55,"46,2359°N 13,7113°E"
Slap Peričnik - spodnji slap,Slovenija,Julijske Alpe,800,slap,77,"46,43906°N 13,89364°E"
Slap Savica,Slovenija,Julijske Alpe,794,"slap, jezero",81,"46,29276°N 13,79741°E"
Počitniški dom v Možnici,Slovenija,Julijske Alpe,793,"koča, bivak",71,"46,38443°N 13,56775°E"
Kamin Široka polica,Slovenija,Julijske Alpe,780,,21,"46,27738°N 13,91286°E"
Slap Mostnice,Slovenija,Julijske Alpe,773,slap,35,"46,3305°N 13,8755°E"
Rio Bianco / Beli potok,Italija,Julijske Alpe,770,slap,50,"46,2777°N 13,3829°E"
Korita Mlinarice,Slovenija,Julijske Alpe,770,slap,81,"46,40282°N 13,74513°E"
Sveti Lenart (Bača pri Podbrdu),Slovenija,Julijske Alpe,751,cerkev,53,"46,2219°N 13,9723°E"
Koča pri Peričniku,Slovenija,Julijske Alpe,750,koča,66,"46,4385°N 13,8962°E"
Slap Slatenik,Slovenija,Julijske Alpe,750,slap,65,"46,30815°N 13,5853°E"
Okrepčevalnica Slap Voje,Slovenija,Julijske Alpe,745,koča,32,"46,3293°N 13,8782°E"
Gogalova lipa,Slovenija,Julijske Alpe,725,,27,"46,4319°N 13,9533°E"
Mladinski izobraževalni center v Bavšici,Slovenija,Julijske Alpe,725,planina,58,"46,36914°N 13,63367°E"
Jamnikov spodmol,Slovenija,Julijske Alpe,720,,22,"46,4172°N 14,0844°E"
Belopotoški slap,Slovenija,Julijske Alpe,720,slap,76,"46,3835°N 13,78111°E"
Jezero Kreda,Slovenija,Julijske Alpe,715,jezero,35,"46,4488°N 13,9286°E"
Dolina Škratov,Slovenija,Julijske Alpe,700,,73,"46,30941°N 13,58232°E"
Slap Parabola,Slovenija,Julijske Alpe,700,"slap, jezero",80,"46,40195°N 13,60737°E"
Izvir Tolminke,Slovenija,Julijske Alpe,695,planina,81,"46,25741°N 13,72818°E"
Mala Osojnica,Slovenija,Julijske Alpe,691,vrh,90,"46,35703°N 14,08113°E"
Koča na Vojah,Slovenija,Julijske Alpe,690,koča,81,"46,31017°N 13,88238°E"
Gorejca,Slovenija,Julijske Alpe,680,slap,71,"46,40152°N 13,59223°E"
Slap Boka,Slovenija,Julijske Alpe,680,slap,91,"46,3212°N 13,4784°E"
Jezero Kreda v dolini Radovne,Slovenija,Julijske Alpe,674,jezero,22,"46,4166°N 13,9916°E"
Izvir Bele,Slovenija,Julijske Alpe,665,,58,"46,2712°N 13,4257°E"
Izvir Lipnika,Slovenija,Julijske Alpe,660,,18,"46,3846°N 14,0266°E"
Spominsko obeležje Aleš Kunaver,Slovenija,Julijske Alpe,660,,29,"46,4127°N 14,0895°E"
Jezerce v dolini Radovne,Slovenija,Julijske Alpe,657,jezero,20,"46,3905°N 14,0189°E"
Koča pri Savici,Slovenija,Julijske Alpe,653,koča,35,"46,28979°N 13,8024°E"
Peč (razgledišče),Slovenija,Julijske Alpe,650,vrh,35,"46,27562°N 13,91005°E"
Straža ,Slovenija,Julijske Alpe,646,vrh,73,"46,35971°N 14,1035°E"
Marija Snežna v Breginjskem kotu,Slovenija,Julijske Alpe,645,"vrh, cerkev",52,"46,26577°N 13,42156°E"
Sveta Katarina na Homu,Slovenija,Julijske Alpe,634,cerkev,33,"46,3945°N 14,108°E"
Poglejska cerkev,Slovenija,Julijske Alpe,630,,61,"46,374°N 14,07192°E"
Dobra gora,Slovenija,Julijske Alpe,620,vrh,67,"46,3542°N 14,1095°E"
Izvir Bistrice,Slovenija,Julijske Alpe,610,slap,67,Brez podatka
Blejski grad,Slovenija,Julijske Alpe,599,,35,"46,3697°N 14,1004°E"
Ribenska gora,Slovenija,Julijske Alpe,588,vrh,53,Brez podatka
Ajdovski gradec,Slovenija,Julijske Alpe,580,vrh,33,"46,27941°N 13,96267°E"
Korita Možnice (Nemčlje),Slovenija,Julijske Alpe,580,slap,70,"46,38047°N 13,57911°E"
Javorca,Slovenija,Julijske Alpe,571,"planina, cerkev",88,"46,23491°N 13,71976°E"
Jama Srnica,Slovenija,Julijske Alpe,550,,62,"46,33136°N 13,50243°E"
Iglica,Slovenija,Julijske Alpe,550,"vrh, slap",62,"46,34817°N 14,05965°E"
Sveti Janez Krstnik (Ribčev Laz),Slovenija,Julijske Alpe,532,"jezero, cerkev",30,"46,2786°N 13,8866°E"
Slap Šum v Blejskem Vintgarju,Slovenija,Julijske Alpe,520,slap,34,"46,4006°N 14,0987°E"
Mlina peč,Slovenija,Julijske Alpe,506,vrh,14,"46,351°N 14,0657°E"
Žičnica čez Tolminko,Slovenija,Julijske Alpe,500,,62,"46,24838°N 13,72596°E"
Tonovcov grad pri Kobaridu,Slovenija,Julijske Alpe,500,vrh,80,"46,25763°N 13,58033°E"
Gradišče (Bodešče),Slovenija,Julijske Alpe,499,vrh,58,"46,3435°N 14,1392°E"
Sveti Lenart (Bodešče),Slovenija,Julijske Alpe,485,cerkev,54,"46,3437°N 14,1393°E"
Velika korita Soče,Slovenija,Julijske Alpe,480,,80,"46,33706°N 13,6459°E"
Blejsko jezero,Slovenija,Julijske Alpe,475,"jezero, cerkev",27,"46,36502°N 14,08872°E"
Slap Beri,Slovenija,Julijske Alpe,454,slap,59,"46,18386°N 13,76497°E"
Izvir Glijuna,Slovenija,Julijske Alpe,450,,67,"46,3352°N 13,51064°E"
Mala Boka,Slovenija,Julijske Alpe,440,,57,"46,3208°N 13,49241°E"
Kozlov rob,Slovenija,Julijske Alpe,426,vrh,77,"46,1893°N 13,7254°E"
Slap Sopota (Soupat),Slovenija,Julijske Alpe,400,slap,73,"46,1692°N 13,80274°E"
Slap Virje,Slovenija,Julijske Alpe,400,"slap, jezero",81,"46,33494°N 13,51418°E"
Gregorčičev slap,Slovenija,Julijske Alpe,390,slap,33,Brez podatka
Korita Soče pri Kršovcu,Slovenija,Julijske Alpe,390,,70,"46,33341°N 13,59312°E"
Veliki slap Kozjak,Slovenija,Julijske Alpe,250,"slap, jezero",84,"46,25801°N 13,58822°E"
Mali slap Kozjak,Slovenija,Julijske Alpe,230,slap,67,"46,25773°N 13,58801°E"
Tolminska korita,Slovenija,Julijske Alpe,180,,83,"46,2005°N 13,7421°E"
